{
  "T_opt": 0.76,
  "T_roi": 0.3,
  "ev_threshold": 1.0,
  "baseline_all": {
    "n_bets": 4775,
    "hit_rate": 0.29026178010471204,
    "roi": 0.8099057591623037
  },
  "baseline_ev": {
    "n_bets": 1478,
    "hit_rate": 0.2050067658998647,
    "roi": 0.8571718538565629
  },
  "platt_ev": {
    "n_bets": 590,
    "hit_rate": 0.15932203389830507,
    "roi": 0.7994915254237288
  },
  "roi_t_ev": {
    "T_roi": 0.3,
    "n_bets": 4428,
    "hit_rate": 0.26919602529358627,
    "roi": 0.8072493224932249
  },
  "isotonic_ev": {
    "n_bets": 872,
    "hit_rate": 0.14564220183486237,
    "roi": 0.8206422018348624
  },
  "best_method": "Isotonic"
}
