{
  "metrics": {
    "top1_rate": 0.30240837696335077,
    "top3_rate": 0.6175916230366492,
    "ndcg_at_3": 0.5359111090046879,
    "spearman": 0.5047892548213772,
    "n_races": 4775.0,
    "n_samples": 66020.0
  },
  "supplementary": {
    "pred_top1_avg_actual_rank": 3.7135078534031414,
    "near_miss_rate_narrow": 0.19933953767637347,
    "top2_coverage": 0.4967539267015707,
    "top3_coverage_rate": 0.6230366492146597,
    "wide_pair_coverage_rate": 0.28858638743455495,
    "quinella_pair_coverage_rate": 0.14010471204188482,
    "wide_harville_coverage_rate": 0.28858638743455495
  },
  "baseline": {
    "top1_rate": 0.285,
    "top3_rate": null,
    "ndcg_at_3": 0.497,
    "spearman": 0.489
  },
  "model_count": 15
}