{
  "metrics": {
    "top1_rate": 0.2649214659685864,
    "top3_rate": 0.5620942408376963,
    "ndcg_at_3": 0.49192420498522343,
    "spearman": 0.46918195414425573,
    "n_races": 4775.0,
    "n_samples": 66020.0
  },
  "baseline": {
    "top1_rate": 0.285,
    "top3_rate": null,
    "ndcg_at_3": 0.497,
    "spearman": 0.489
  },
  "model_count": 15
}