{
  "metrics": {
    "top1_rate": 0.2887958115183246,
    "top3_rate": 0.5956020942408377,
    "ndcg_at_3": 0.5169805729594532,
    "spearman": 0.49594111034364485,
    "n_races": 4775.0,
    "n_samples": 66020.0
  },
  "baseline": {
    "top1_rate": 0.285,
    "top3_rate": null,
    "ndcg_at_3": 0.497,
    "spearman": 0.489
  },
  "model_count": 15
}