{
  "metrics": {
    "top1_rate": 0.29905759162303663,
    "top3_rate": 0.6161256544502618,
    "ndcg_at_3": 0.5363228986526368,
    "spearman": 0.5090139179397541,
    "n_races": 4775.0,
    "n_samples": 66020.0
  },
  "supplementary": {
    "pred_top1_avg_actual_rank": 3.756649214659686,
    "near_miss_rate_narrow": 0.19599641469973111,
    "top2_coverage": 0.4950785340314136
  },
  "baseline": {
    "top1_rate": 0.285,
    "top3_rate": null,
    "ndcg_at_3": 0.497,
    "spearman": 0.489
  },
  "model_count": 15
}