{
  "metrics": {
    "top1_rate": 0.2978010471204188,
    "top3_rate": 0.618848167539267,
    "ndcg_at_3": 0.5366069558891228,
    "spearman": 0.5049229323784497,
    "n_races": 4775.0,
    "n_samples": 66020.0
  },
  "supplementary": {
    "pred_top1_avg_actual_rank": 3.7792670157068065,
    "near_miss_rate_narrow": 0.1947509692812407,
    "top2_coverage": 0.49214659685863876,
    "top3_coverage_rate": 0.621151832460733,
    "wide_pair_coverage_rate": 0.29277486910994766,
    "quinella_pair_coverage_rate": 0.14031413612565444,
    "wide_harville_coverage_rate": 0.29277486910994766
  },
  "baseline": {
    "top1_rate": 0.285,
    "top3_rate": null,
    "ndcg_at_3": 0.497,
    "spearman": 0.489
  },
  "model_count": 15
}