{
  "metrics": {
    "top1_rate": 0.3036649214659686,
    "top3_rate": 0.6205235602094241,
    "ndcg_at_3": 0.5384631813371021,
    "spearman": 0.5071076825125368,
    "n_races": 4775.0,
    "n_samples": 66020.0
  },
  "supplementary": {
    "pred_top1_avg_actual_rank": 3.715811518324607,
    "near_miss_rate_narrow": 0.2,
    "top2_coverage": 0.49926701570680626,
    "top3_coverage_rate": 0.625130890052356,
    "wide_pair_coverage_rate": 0.29026178010471204,
    "quinella_pair_coverage_rate": 0.13989528795811518,
    "wide_harville_coverage_rate": 0.29026178010471204
  },
  "baseline": {
    "top1_rate": 0.285,
    "top3_rate": null,
    "ndcg_at_3": 0.497,
    "spearman": 0.489
  },
  "model_count": 15
}