{
  "candidate": "b5_wc_switch",
  "fit_period": "2023",
  "eval_period": "2024",
  "fit_n_races": 3394,
  "eval_n_races": 3392,
  "alpha": 0.0,
  "beta": 1.0240965276311875,
  "gamma": 0.0,
  "fit_nll_h1": 6526.612815118893,
  "fit_nll_h0_gamma0": 6526.6128151189,
  "gamma_lrt_statistic": 1.2732925824820995e-11,
  "gamma_lrt_p": 0.9999971528905289,
  "eval_logloss_h1": 1.8752118469554344,
  "eval_logloss_h0_gamma0": 1.8752118471515837,
  "delta_ll_per_race": 1.961493190094643e-10,
  "eval_top1": 0.34846698113207547,
  "top1_floor": 0.2999,
  "leak_warnings": {
    "fit": {
      "finish_rank_abs_corr": 0.02001130007886367,
      "market_abs_corr": 0.02562989354095467,
      "pure_score_abs_corr": 0.049018163501343553,
      "corr_stop_threshold": 0.7,
      "leak_warning": false
    },
    "eval": {
      "finish_rank_abs_corr": 0.016984657318856535,
      "market_abs_corr": 0.009524711198318696,
      "pure_score_abs_corr": 0.028322063377113543,
      "corr_stop_threshold": 0.7,
      "leak_warning": false
    },
    "leak_warning": false
  },
  "gates": {
    "gamma_lrt_p_lt_0_01": false,
    "delta_ll_per_race_positive": true,
    "top1_regression_ok": true,
    "leak_warning_clear": true
  },
  "pass": false,
  "used_test_2025_plus": false,
  "eval_spearman": 0.5539911390645011,
  "leak_stop": false,
  "leak_stop_reasons": {
    "spearman_gt_0_60": false,
    "top1_gt_0_40": false,
    "corr_leak_warning": false
  },
  "primary_pass": false,
  "generated_at": "2026-07-09T18:29:00.035448+00:00"
}