{
  "variant": "gain_margin",
  "baseline": {
    "top1_rate": 0.3006660323501427,
    "top3_rate": 0.6146527117031398,
    "ndcg_at_3": 0.5332565472567423,
    "spearman": 0.5011541487935697,
    "n_races": 11561,
    "n_samples": 158180
  },
  "variant_metrics": {
    "top1_rate": 0.3008390277657642,
    "top3_rate": 0.6188046016780555,
    "ndcg_at_3": 0.5352544545527327,
    "spearman": 0.5039253544552815,
    "n_races": 11561,
    "n_samples": 158180
  },
  "delta": {
    "top1_rate": 0.0001729954156214908,
    "top3_rate": 0.004151889974915668,
    "ndcg_at_3": 0.0019979072959903643,
    "spearman": 0.002771205661711851
  }
}