{
  "variant": "gain_combo",
  "baseline": {
    "top1_rate": 0.3006660323501427,
    "top3_rate": 0.6146527117031398,
    "ndcg_at_3": 0.5332565472567423,
    "spearman": 0.5011541487935697,
    "n_races": 11561,
    "n_samples": 158180
  },
  "variant_metrics": {
    "top1_rate": 0.30265547962978984,
    "top3_rate": 0.615604186489058,
    "ndcg_at_3": 0.5346679785970562,
    "spearman": 0.505069774439166,
    "n_races": 11561,
    "n_samples": 158180
  },
  "delta": {
    "top1_rate": 0.0019894472796471163,
    "top3_rate": 0.0009514747859181716,
    "ndcg_at_3": 0.0014114313403138512,
    "spearman": 0.003915625645596332
  }
}