{
  "variant": "track_bias_daily",
  "baseline": {
    "top1_rate": 0.3006660323501427,
    "top3_rate": 0.6146527117031398,
    "ndcg_at_3": 0.5332565472567423,
    "spearman": 0.5011541487935697,
    "n_races": 11561,
    "n_samples": 158180
  },
  "variant_metrics": {
    "top1_rate": 0.2985900873626849,
    "top3_rate": 0.6162096704437332,
    "ndcg_at_3": 0.5326407980395329,
    "spearman": 0.49988435358962763,
    "n_races": 11561,
    "n_samples": 158180
  },
  "delta": {
    "top1_rate": -0.002075944987457834,
    "top3_rate": 0.0015569587405933616,
    "ndcg_at_3": -0.0006157492172094159,
    "spearman": -0.001269795203942048
  }
}