{
  "variant": "seeds10",
  "baseline": {
    "top1_rate": 0.3006660323501427,
    "top3_rate": 0.6146527117031398,
    "ndcg_at_3": 0.5332565472567423,
    "spearman": 0.5011541487935697,
    "n_races": 11561,
    "n_samples": 158180
  },
  "variant_metrics": {
    "top1_rate": 0.30006054839546753,
    "top3_rate": 0.6134417437937895,
    "ndcg_at_3": 0.5324380066082612,
    "spearman": 0.5003821498838372,
    "n_races": 11561,
    "n_samples": 158180
  },
  "delta": {
    "top1_rate": -0.00060548395467519,
    "top3_rate": -0.00121096790935038,
    "ndcg_at_3": -0.0008185406484810809,
    "spearman": -0.000771998909732452
  }
}