{
  "variant": "bagging",
  "baseline": {
    "top1_rate": 0.3006660323501427,
    "top3_rate": 0.6146527117031398,
    "ndcg_at_3": 0.5332565472567423,
    "spearman": 0.5011541487935697,
    "n_races": 11561,
    "n_samples": 158180
  },
  "variant_metrics": {
    "top1_rate": 0.29954156214860306,
    "top3_rate": 0.6171611452296514,
    "ndcg_at_3": 0.5343426958285864,
    "spearman": 0.5037923047859248,
    "n_races": 11561,
    "n_samples": 158180
  },
  "delta": {
    "top1_rate": -0.0011244702015396624,
    "top3_rate": 0.002508433526511533,
    "ndcg_at_3": 0.001086148571844081,
    "spearman": 0.0026381559923551734
  }
}