{
  "variant": "truncation",
  "baseline": {
    "top1_rate": 0.3006660323501427,
    "top3_rate": 0.6146527117031398,
    "ndcg_at_3": 0.5332565472567423,
    "spearman": 0.5011541487935697,
    "n_races": 11561,
    "n_samples": 158180
  },
  "variant_metrics": {
    "top1_rate": 0.29962805985641383,
    "top3_rate": 0.6146527117031398,
    "ndcg_at_3": 0.532262060126509,
    "spearman": 0.49676064892047156,
    "n_races": 11561,
    "n_samples": 158180
  },
  "delta": {
    "top1_rate": -0.0010379724937288892,
    "top3_rate": 0.0,
    "ndcg_at_3": -0.0009944871302333125,
    "spearman": -0.004393499873098117
  }
}