{
  "variant": "truncation1",
  "baseline": {
    "top1_rate": 0.3006660323501427,
    "top3_rate": 0.6146527117031398,
    "ndcg_at_3": 0.5332565472567423,
    "spearman": 0.5011541487935697,
    "n_races": 11561,
    "n_samples": 158180
  },
  "variant_metrics": {
    "top1_rate": 0.29928206902517085,
    "top3_rate": 0.60885736527982,
    "ndcg_at_3": 0.5290484267129014,
    "spearman": 0.48913310857493547,
    "n_races": 11561,
    "n_samples": 158180
  },
  "delta": {
    "top1_rate": -0.0013839633249718708,
    "top3_rate": -0.005795346423319803,
    "ndcg_at_3": -0.004208120543840899,
    "spearman": -0.012021040218634205
  }
}